toilet,1,213470,357470,,,
toilet,2,359500,503500,,,
toilet,3,506256,650256,,,
toilet,4,650257,794257,,,
toilet,5,794258,938258,,,
toilet,6,1006827,1150827,,,
toilet,7,1150828,1294828,,,
toilet,8,1294829,1438829,,,
toilet,9,1438830,1582830,,,
toilet,10,1737284,1881284,,,
toilet,11,1881285,2025285,,, 
toilet,12,2025286,2169286,,,
toilet,13,2169287,2313287,,,
toilet,14,2313288,2457288,,,
toilet,15,2679227,2823227,,,
toilet,16,2823228,2967228,,,
toilet,17,2967229,3111229,,,
toilet,18,3143311,3287311,,,
toilet,19,3470594,3614594,,,
toilet,20,3614595,3758595,,,
toilet,21,3758596,3902596,,,
toilet,22,3944731,4088676,,,
toilet,23,4848043,4992043,,,
toilet,24,4992044,5136044,,,
toilet,25,5136045,5280045,,,
toilet,26,5280046,5424046,,,
toilet,27,5994138,6138138,,,
toilet,28,6138139,6282139,,,
toilet,29,6282140,6426140,,,
toilet,30,6474422,6617520,,,
toilet,31,7009849,7153849,,,
toilet,32,7153850,7297850,,,
toilet,33,7297851,7441851,,,
toilet,34,7463146,7607078,,,
toilet,35,8272826,8416826,,,
toilet,36,8416827,8560827,,,
toilet,37,8560828,8704828,,,
toilet,38,8746798,8887602,,,
toilet,39,9485062,9629062,,,
toilet,40,9629063,9773063,,,
toilet,41,9773064,9917064,,,
toilet,42,9917065,10061065,,,
toilet,43,11162031,11306031,,,
toilet,44,11306032,11450032,,,
toilet,45,11450033,11594033,,,
toilet,46,11643008,11785715,,,
toilet,47,12908565,13052565,,,
toilet,48,13052566,13196566,,,
toilet,49,13196567,13340567,,,
toilet,50,13391959,13535570,,,
toilet,51,13946455,14090455,,,
toilet,52,14090456,14234456,,,
toilet,53,14426210,14570084,,,
toilet,54,14915156,15059156,,,
toilet,55,15059157,15203157,,,
toilet,56,15203158,15347158,,,
toilet,57,15347159,15491159,,,
toilet,58,15917823,16061823,,,
toilet,59,16061824,16205824,,,
toilet,60,16400000,16543246,,,
toilet,61,16923384,17067384,,,
toilet,62,17067385,17211385,,,
toilet,63,17211386,17355386,,,
toilet,64,17355387,17499387,,,
toilet,65,17871823,18015823,,,
toilet,66,18015824,18159824,,,
toilet,67,18159825,18303825,,,
toilet,68,18353354,18496641,,,
toilet,69,18879638,19023638,,,
toilet,70,19023639,19167639,,,
toilet,71,19167640,19311640,,,
toilet,72,19311641,19455641,,,
toilet,73,19886681,20030681,,,
toilet,74,20030682,20174682,,,
toilet,75,20361074,20504198,,,
toilet,76,21833461,21977435,,,
toilet,77,21979368,22123342,,144000,
toilet,78,22126241,22269249,,,
toilet,79,22275046,22417088,,,
toilet,80,22503026,22647026,,,
toilet,81,22647027,22791027,,,
toilet,82,22791028,22935028,,,
toilet,83,23704356,23843026,,,
toilet,84,23854393,23998393,,,
toilet,85,23998394,24142394,,,
toilet,86,24186903,24327847,,,
toilet,87,24507462,24650000,,,
toilet,88,24987480,25131480,,,
toilet,89,25131481,25275481,,,
toilet,90,25275482,25419482,,,
toilet,91,25419483,25563483,,,
toilet,92,26587995,26715805,,,
toilet,93,26773319,26917319,,,
toilet,94,26917320,27061320,,,
toilet,95,27061321,27205321,,,
toilet,96,27205322,27349322,,,
