kitchen_hood,1,1,144000
kitchen_hood,2,144001,288000
kitchen_hood,3,288001,432000
kitchen_hood,4,432001,576000
kitchen_hood,5,576001,720000
kitchen_hood,6,720001,864000
kitchen_hood,7,864001,1008000
kitchen_hood,8,1008001,1152000
kitchen_hood,9,1152001,1296000
kitchen_hood,10,1296001,1440000
kitchen_hood,11,1440001,1584000
kitchen_hood,12,1584001,1728000
kitchen_hood,13,1728001,1872000
kitchen_hood,14,1872001,2016000
kitchen_hood,15,2016001,2160000
kitchen_hood,16,2160001,2304000
kitchen_hood,17,2304001,2448000
kitchen_hood,18,2448001,2592000
kitchen_hood,19,2592001,2736000
kitchen_hood,20,2736001,2880000
kitchen_hood,21,2880001,3024000
kitchen_hood,22,3024001,3168000
kitchen_hood,23,3168001,3312000
kitchen_hood,24,3312001,3456000
kitchen_hood,25,3456001,3600000
kitchen_hood,26,3600001,3744000
kitchen_hood,27,3744001,3888000
kitchen_hood,28,3888001,4032000
kitchen_hood,29,4032001,4176000
kitchen_hood,30,4176001,4320000
kitchen_hood,31,4320001,4464000
kitchen_hood,32,4464001,4608000
kitchen_hood,33,4608001,4752000
kitchen_hood,34,4752001,4896000
kitchen_hood,35,4896001,5040000
kitchen_hood,36,5040001,5184000
kitchen_hood,37,5184001,5328000
kitchen_hood,38,5328001,5472000
kitchen_hood,39,5472001,5616000
kitchen_hood,40,5616001,5760000
kitchen_hood,41,5760001,5904000
kitchen_hood,42,5904001,6048000
kitchen_hood,43,6048001,6192000
kitchen_hood,44,6192001,6336000
kitchen_hood,45,6336001,6480000
kitchen_hood,46,6480001,6624000
kitchen_hood,47,6624001,6768000
kitchen_hood,48,6768001,6912000
kitchen_hood,49,6912001,7056000
kitchen_hood,50,7056001,7200000
kitchen_hood,51,7200001,7344000
kitchen_hood,52,7344001,7488000
kitchen_hood,53,7488001,7632000
kitchen_hood,54,7632001,7776000
kitchen_hood,55,7776001,7920000
kitchen_hood,56,7920001,8064000
kitchen_hood,57,8064001,8208000
kitchen_hood,58,8208001,8352000
kitchen_hood,59,8352001,8496000
kitchen_hood,60,8496001,8640000
kitchen_hood,61,8640001,8784000
kitchen_hood,62,8784001,8928000
kitchen_hood,63,8928001,9072000
kitchen_hood,64,9072001,9216000
kitchen_hood,65,9216001,9360000
kitchen_hood,66,9360001,9504000
kitchen_hood,67,9504001,9648000
kitchen_hood,68,9648001,9792000
kitchen_hood,69,9792001,9936000
kitchen_hood,70,9936001,10080000
kitchen_hood,71,10080001,10224000
kitchen_hood,72,10224001,10368000
kitchen_hood,73,10368001,10512000
kitchen_hood,74,10512001,10656000
kitchen_hood,75,10656001,10800000
kitchen_hood,76,10800001,10944000
kitchen_hood,77,10944001,11088000
kitchen_hood,78,11088001,11232000
kitchen_hood,79,11232001,11376000
kitchen_hood,80,11376001,11520000
kitchen_hood,81,11520001,11664000
kitchen_hood,82,11664001,11808000
kitchen_hood,83,11808001,11952000
kitchen_hood,84,11952001,12096000
kitchen_hood,85,12096001,12240000
kitchen_hood,86,12240001,12384000
kitchen_hood,87,12384001,12528000
kitchen_hood,88,12528001,12672000
kitchen_hood,89,12672001,12816000
kitchen_hood,90,12816001,12960000
kitchen_hood,91,12960001,13104000
kitchen_hood,92,13104001,13248000
kitchen_hood,93,13248001,13392000
kitchen_hood,94,13392001,13536000
kitchen_hood,95,13536001,13680000
kitchen_hood,96,13680001,13824000
kitchen_hood,97,13824001,13968000
kitchen_hood,98,13968001,14112000
kitchen_hood,99,14112001,14256000
kitchen_hood,100,14256001,14400000
kitchen_hood,101,14400001,14544000
kitchen_hood,102,14544001,14688000
kitchen_hood,103,14688001,14832000
kitchen_hood,104,14832001,14976000
kitchen_hood,105,14976001,15120000
kitchen_hood,106,15120001,15264000
kitchen_hood,107,15264001,15408000
kitchen_hood,108,15408001,15552000
kitchen_hood,109,15552001,15696000
kitchen_hood,110,15696001,15840000
kitchen_hood,111,15840001,15984000
kitchen_hood,112,15984001,16128000
kitchen_hood,113,16128001,16272000
kitchen_hood,114,16272001,16416000
kitchen_hood,115,16416001,16560000
kitchen_hood,116,16560001,16704000
kitchen_hood,117,16704001,16848000
kitchen_hood,118,16848001,16992000
kitchen_hood,119,16992001,17136000
kitchen_hood,120,17136001,17280000
kitchen_hood,121,17280001,17424000
kitchen_hood,122,17424001,17568000
kitchen_hood,123,17568001,17712000
kitchen_hood,124,17712001,17856000
kitchen_hood,125,17856001,18000000
kitchen_hood,126,18000001,18144000
kitchen_hood,127,18144001,18288000
kitchen_hood,128,18288001,18432000
kitchen_hood,129,18432001,18576000
kitchen_hood,130,18576001,18720000
kitchen_hood,131,18720001,18864000
kitchen_hood,132,18864001,19008000
kitchen_hood,133,19008001,19152000
kitchen_hood,134,19152001,19296000
kitchen_hood,135,19296001,19440000
kitchen_hood,136,19440001,19584000
kitchen_hood,137,19584001,19728000
kitchen_hood,138,19728001,19872000
kitchen_hood,139,19872001,20016000
kitchen_hood,140,20016001,20160000
kitchen_hood,141,20160001,20304000
kitchen_hood,142,20304001,20448000
kitchen_hood,143,20448001,20592000
kitchen_hood,144,20592001,20736000
kitchen_hood,145,20736001,20880000
kitchen_hood,146,20880001,21024000
kitchen_hood,147,21024001,21168000
kitchen_hood,148,21168001,21312000
kitchen_hood,149,21312001,21456000
kitchen_hood,150,21456001,21600000
kitchen_hood,151,21600001,21744000
kitchen_hood,152,21744001,21888000
kitchen_hood,153,21888001,22032000
kitchen_hood,154,22032001,22176000
kitchen_hood,155,22176001,22320000
kitchen_hood,156,22320001,22464000
kitchen_hood,157,22464001,22608000
kitchen_hood,158,22608001,22752000
kitchen_hood,159,22752001,22896000
kitchen_hood,160,22896001,23040000
kitchen_hood,161,23040001,23184000
kitchen_hood,162,23184001,23328000
kitchen_hood,163,23328001,23472000
kitchen_hood,164,23472001,23616000
kitchen_hood,165,23616001,23760000
kitchen_hood,166,23760001,23904000
kitchen_hood,167,23904001,24048000
kitchen_hood,168,24048001,24192000
kitchen_hood,169,24192001,24336000
kitchen_hood,170,24336001,24480000
kitchen_hood,171,24480001,24624000
kitchen_hood,172,24624001,24768000
kitchen_hood,173,24768001,24912000
kitchen_hood,174,24912001,25056000
kitchen_hood,175,25056001,25200000
kitchen_hood,176,25200001,25344000
kitchen_hood,177,25344001,25488000
kitchen_hood,178,25488001,25632000
kitchen_hood,179,25632001,25776000
kitchen_hood,180,25776001,25920000
kitchen_hood,181,25920001,26064000
kitchen_hood,182,26064001,26208000
kitchen_hood,183,26208001,26352000
kitchen_hood,184,26352001,26496000
kitchen_hood,185,26496001,26640000
kitchen_hood,186,26640001,26784000
kitchen_hood,187,26784001,26928000
kitchen_hood,188,26928001,27072000
kitchen_hood,189,27072001,27216000
kitchen_hood,190,27216001,27360000
kitchen_hood,191,27360001,27504000
kitchen_hood,192,27504001,27648000
kitchen_hood,193,27648001,27792000
kitchen_hood,194,27792001,27936000
kitchen_hood,195,27936001,28080000
kitchen_hood,196,28080001,28224000
kitchen_hood,197,28224001,28368000
kitchen_hood,198,28368001,28512000
kitchen_hood,199,28512001,28656000
kitchen_hood,200,28656001,28800000
kitchen_hood,201,28800001,28944000
kitchen_hood,202,28944001,29088000
kitchen_hood,203,29088001,29232000
kitchen_hood,204,29232001,29376000
kitchen_hood,205,29376001,29520000
kitchen_hood,206,29520001,29664000
kitchen_hood,207,29664001,29808000
kitchen_hood,208,29808001,29952000
kitchen_hood,209,29952001,30096000
kitchen_hood,210,30096001,30240000
kitchen_hood,211,30240001,30384000
kitchen_hood,212,30384001,30528000
kitchen_hood,213,30528001,30672000
kitchen_hood,214,30672001,30816000
kitchen_hood,215,30816001,30960000
kitchen_hood,216,30960001,31104000
